"BROKEN","EPIC","FAILED","FEATURE","PASSED","SKIPPED","STORY","UNKNOWN"
"0","CRUD Post","0","Create Post","1","0","Company Name","0"
"0","CRUD Post","0","Create Post","1","0","Supplier Analysis","0"
"0","CRUD Post","0","Create Post","1","0","Price","0"
"0","CRUD Post","0","Create Post","1","0","Have/Need Logic","0"
"0","CRUD Post","0","Create Post","1","0","Quantity","0"
"0","CRUD Post","0","Create Post","1","0","Geotechnical Report","0"
"0","CRUD Post","0","Create Post","2","0","Notes","0"
"0","CRUD Post","0","Create Post","1","0","Match Distance","0"
"0","CRUD Post","0","Create Post","1","0","Cancel Button","0"
